"","year","month","day","tmax","tmin","prcp"
"1",2018,1,1,26.2,13.1,0
"2",2018,1,2,26.2,13.1,0
"3",2018,1,3,35.1,13.1,0
"4",2018,1,4,27.1,16.2,0.1
"5",2018,1,5,21.2,13.1,0
"6",2018,1,6,21.2,11.1,0
"7",2018,1,7,23.2,8.2,0
"8",2018,1,8,39,19.2,0.06
"9",2018,1,9,51.1,30.2,0
"10",2018,1,10,43,27.1,0
"11",2018,1,11,62.1,37.9,0
"12",2018,1,12,64,57,0.37
"13",2018,1,13,62.1,21.2,0.11
"14",2018,1,14,28.2,17.2,0
"15",2018,1,15,32,18.1,0
"16",2018,1,16,43,30.2,0
"17",2018,1,17,37,20.1,0.03
"18",2018,1,18,46.9,19.2,0
"19",2018,1,19,51.1,25.2,0
"20",2018,1,20,63,28.2,0
"21",2018,1,21,61,32,0
"22",2018,1,22,64.9,46.9,0
"23",2018,1,23,68,46.9,0.11
"24",2018,1,24,48,35.1,0
"25",2018,1,25,42.1,31.1,0
"26",2018,1,26,50,28.2,0
"27",2018,1,27,63,37.9,0
"28",2018,1,28,57,46.9,0.16
"29",2018,1,29,48,41,0
"30",2018,1,30,41,24.3,0
"31",2018,1,31,41,21.2,0
"32",2018,2,1,54,39.9,0.02
"33",2018,2,2,43,19.2,0.04
"34",2018,2,3,36,17.2,0
"35",2018,2,4,37,33.1,1.12
"36",2018,2,5,39,27.1,0
"37",2018,2,6,43,28.2,0
"38",2018,2,7,43,33.1,0.49
"39",2018,2,8,37.9,26.2,0
"40",2018,2,9,46,27.1,0
"41",2018,2,10,50,39,1.06
"42",2018,2,11,68,45,1.05
"43",2018,2,12,64.9,37,0.09
"44",2018,2,13,43,33.1,0
"45",2018,2,14,53.1,34,0.03
"46",2018,2,15,73.9,46.9,0.01
"47",2018,2,16,66.9,39.9,0.05
"48",2018,2,17,44.1,34,0.42
"49",2018,2,18,51.1,33.1,0
"50",2018,2,19,50,39.9,0.02
"51",2018,2,20,78.1,48.9,0
"52",2018,2,21,82,55.9,0
"53",2018,2,22,66.9,43,0.06
"54",2018,2,23,48,41,0
"55",2018,2,24,53.1,48,0.16
"56",2018,2,25,54,46.9,0.17
"57",2018,2,26,53.1,41,0
"58",2018,2,27,57.9,36,0
"59",2018,2,28,64,44.1,0
"60",2018,3,1,59,48.9,0.09
"61",2018,3,2,54,39,0.01
"62",2018,3,3,53.1,36,0
"63",2018,3,4,53.1,35.1,0
"64",2018,3,5,48.9,31.1,0
"65",2018,3,6,46,33.1,0.3
"66",2018,3,7,51.1,34,0.03
"67",2018,3,8,46,34,0
"68",2018,3,9,46,33.1,0
"69",2018,3,10,48.9,31.1,0
"70",2018,3,11,52,31.1,0
"71",2018,3,12,46,34,0.01
"72",2018,3,13,46.9,33.1,0
"73",2018,3,14,44.1,32,0
"74",2018,3,15,55,31.1,0
"75",2018,3,16,46.9,34,0
"76",2018,3,17,46,32,0
"77",2018,3,18,59,34,0
"78",2018,3,19,55.9,36,0
"79",2018,3,20,43,32,0.87
"80",2018,3,21,36,32,0.49
"81",2018,3,22,48.9,34,0
"82",2018,3,23,51.1,35.1,0
"83",2018,3,24,52,33.1,0
"84",2018,3,25,48,34,0
"85",2018,3,26,50,34,0
"86",2018,3,27,48,34,0.02
"87",2018,3,28,57.9,43,0.1
"88",2018,3,29,78.1,48,0
"89",2018,3,30,77,45,0
"90",2018,3,31,61,39,0
"91",2018,4,1,66.9,50,0
"92",2018,4,2,54,42.1,0.02
"93",2018,4,3,55.9,44.1,0.01
"94",2018,4,4,73,42.1,0
"95",2018,4,5,55.9,34,0
"96",2018,4,6,72,44.1,0
"97",2018,4,7,66.9,37,0
"98",2018,4,8,51.1,34,0
"99",2018,4,9,46,37.9,0.02
"100",2018,4,10,55,37.9,0
"101",2018,4,11,57,43,0
"102",2018,4,12,78.1,45,0
"103",2018,4,13,86,60.1,0
"104",2018,4,14,84.9,63,0
"105",2018,4,15,69.1,48,0.13
"106",2018,4,16,62.1,45,1.88
"107",2018,4,17,48.9,39.9,0
"108",2018,4,18,62.1,36,0
"109",2018,4,19,59,43,0.03
"110",2018,4,20,61,37.9,0
"111",2018,4,21,63,42.1,0
"112",2018,4,22,66.9,48,0
"113",2018,4,23,69.1,50,0
"114",2018,4,24,63,55,0.46
"115",2018,4,25,66.9,55,0.32
"116",2018,4,26,73,50,0
"117",2018,4,27,64,54,0.72
"118",2018,4,28,78.1,51.1,0
"119",2018,4,29,57.9,45,0
"120",2018,4,30,73,41,0
"121",2018,5,1,82.9,48.9,0
"122",2018,5,2,91,55.9,0
"123",2018,5,3,90,64,0
"124",2018,5,4,90,69.1,0
"125",2018,5,5,75.9,62.1,0
"126",2018,5,6,73,59,0
"127",2018,5,7,77,57.9,0
"128",2018,5,8,78.1,57.9,0
"129",2018,5,9,80.1,57,0
"130",2018,5,10,82.9,61,0
"131",2018,5,11,84.9,61,0
"132",2018,5,12,90,66.9,0.15
"133",2018,5,13,73,63,0.52
"134",2018,5,14,81,62.1,1.49
"135",2018,5,15,89.1,66,0.41
"136",2018,5,16,75,66.9,0.82
"137",2018,5,17,69.1,66,0.97
"138",2018,5,18,69.1,57,1.01
"139",2018,5,19,72,57,0.77
"140",2018,5,20,89.1,68,0
"141",2018,5,21,82,66.9,0
"142",2018,5,22,80.1,64.9,1.23
"143",2018,5,23,82.9,66,0
"144",2018,5,24,87.1,63,0
"145",2018,5,25,86,63,0
"146",2018,5,26,87.1,71.1,0.03
"147",2018,5,27,84.9,68,0
"148",2018,5,28,72,64,0.01
"149",2018,5,29,82.9,69.1,0
"150",2018,5,30,81,71.1,0
"151",2018,5,31,86,70,1.32
"152",2018,6,1,90,71.1,0
"153",2018,6,2,86,73,0.05
"154",2018,6,3,75,57.9,1.65
"155",2018,6,4,80.1,55.9,0
"156",2018,6,5,84,61,0
"157",2018,6,6,78.1,63,0
"158",2018,6,7,79,62.1,0
"159",2018,6,8,84,64.9,0.96
"160",2018,6,9,86,70,0.1
"161",2018,6,10,81,64.9,0
"162",2018,6,11,66.9,61,0.42
"163",2018,6,12,79,57.9,0
"164",2018,6,13,84.9,68,0
"165",2018,6,14,87.1,73,0
"166",2018,6,15,84.9,66.9,0
"167",2018,6,16,89.1,64,0
"168",2018,6,17,89.1,73,0
"169",2018,6,18,91.9,73.9,0
"170",2018,6,19,95,77,1.12
"171",2018,6,20,86,73,0.13
"172",2018,6,21,86,72,0
"173",2018,6,22,77,66.9,0.57
"174",2018,6,23,81,66.9,0.06
"175",2018,6,24,91,71.1,0.11
"176",2018,6,25,84.9,70,0
"177",2018,6,26,84,64.9,0
"178",2018,6,27,82,71.1,0.04
"179",2018,6,28,89.1,75,0
"180",2018,6,29,93,73,0
"181",2018,6,30,91,72,0
"182",2018,7,1,93,75,0
"183",2018,7,2,95,78.1,0
"184",2018,7,3,97,80.1,0
"185",2018,7,4,93,80.1,0
"186",2018,7,5,91.9,80.1,0
"187",2018,7,6,89.1,79,0
"188",2018,7,7,82,68,0
"189",2018,7,8,84.9,64,0
"190",2018,7,9,88,64,0
"191",2018,7,10,96.1,71.1,0
"192",2018,7,11,93.9,78.1,0
"193",2018,7,12,91.9,73,0
"194",2018,7,13,89.1,71.1,0
"195",2018,7,14,91,70,0
"196",2018,7,15,88,73.9,0
"197",2018,7,16,98.1,75.9,0
"198",2018,7,17,91.9,73.9,2.79
"199",2018,7,18,88,70,0
"200",2018,7,19,88,71.1,0
"201",2018,7,20,86,71.1,0
"202",2018,7,21,75,66.9,4
"203",2018,7,22,82.9,64.9,1.35
"204",2018,7,23,84.9,75.9,0.06
"205",2018,7,24,82.9,75,0.32
"206",2018,7,25,86,73.9,0.67
"207",2018,7,26,89.1,73,0
"208",2018,7,27,91,75,0
"209",2018,7,28,87.1,72,0
"210",2018,7,29,87.1,70,0
"211",2018,7,30,78.1,72,0.51
"212",2018,7,31,84,71.1,0.03
"213",2018,8,1,89.1,73.9,0.25
"214",2018,8,2,86,75,1.03
"215",2018,8,3,84,73,0.31
"216",2018,8,4,90,73,0.11
"217",2018,8,5,91,73.9,0
"218",2018,8,6,91,73.9,0.18
"219",2018,8,7,91,75,0.12
"220",2018,8,8,93.9,75,0
"221",2018,8,9,91.9,75,0
"222",2018,8,10,91.9,75,0
"223",2018,8,11,91,75.9,0.01
"224",2018,8,12,87.1,73.9,0.36
"225",2018,8,13,88,72,0
"226",2018,8,14,87.1,69.1,0
"227",2018,8,15,91.9,72,0
"228",2018,8,16,90,73,0
"229",2018,8,17,93.9,78.1,0
"230",2018,8,18,90,75.9,0
"231",2018,8,19,87.1,72,0
"232",2018,8,20,82,71.1,0
"233",2018,8,21,82,73,2.46
"234",2018,8,22,86,72,0.02
"235",2018,8,23,81,66,0
"236",2018,8,24,84,63,0
"237",2018,8,25,82,66.9,0
"238",2018,8,26,88,68,0
"239",2018,8,27,91,75,0
"240",2018,8,28,93.9,78.1,0
"241",2018,8,29,93.9,79,0
"242",2018,8,30,93,78.1,0.04
"243",2018,8,31,90,75,0.3
"244",2018,9,1,89.1,73.9,0.81
"245",2018,9,2,89.1,73.9,0
"246",2018,9,3,93,78.1,0
"247",2018,9,4,95,79,0
"248",2018,9,5,93,78.1,0
"249",2018,9,6,93,78.1,0
"250",2018,9,7,91,72,2.89
"251",2018,9,8,77,63,0.45
"252",2018,9,9,66.9,62.1,1.59
"253",2018,9,10,75.9,64.9,0.02
"254",2018,9,11,77,71.1,0
"255",2018,9,12,86,71.1,0.01
"256",2018,9,13,82,73,0
"257",2018,9,14,78.1,72,0
"258",2018,9,15,82.9,70,0
"259",2018,9,16,82.9,69.1,0
"260",2018,9,17,80.1,72,1.26
"261",2018,9,18,84,73,0.22
"262",2018,9,19,87.1,72,0
"263",2018,9,20,82.9,69.1,0
"264",2018,9,21,78.1,68,0.28
"265",2018,9,22,80.1,64.9,0.01
"266",2018,9,23,66,61,0.71
"267",2018,9,24,68,63,0.29
"268",2018,9,25,82,68,0.1
"269",2018,9,26,87.1,72,0.19
"270",2018,9,27,73,59,0.59
"271",2018,9,28,77,60.1,0.31
"272",2018,9,29,80.1,63,0
"273",2018,9,30,75.9,60.1,0
"274",2018,10,1,81,64,0
"275",2018,10,2,84,66,0
"276",2018,10,3,87.1,69.1,0
"277",2018,10,4,90,68,0
"278",2018,10,5,77,66,0
"279",2018,10,6,75,66,0
"280",2018,10,7,82,71.1,0
"281",2018,10,8,84.9,71.1,0
"282",2018,10,9,82.9,72,0
"283",2018,10,10,84,73,0
"284",2018,10,11,82.9,70,1.51
"285",2018,10,12,70,55,0
"286",2018,10,13,62.1,48.9,0.02
"287",2018,10,14,60.1,48,0.01
"288",2018,10,15,73.9,59,0.18
"289",2018,10,16,66.9,55.9,0
"290",2018,10,17,70,53.1,0
"291",2018,10,18,59,46.9,0
"292",2018,10,19,66,43,0.02
"293",2018,10,20,69.1,53.1,0.07
"294",2018,10,21,55.9,42.1,0
"295",2018,10,22,57.9,37.9,0
"296",2018,10,23,72,45,0
"297",2018,10,24,57.9,43,0
"298",2018,10,25,55,39.9,0
"299",2018,10,26,51.1,45,0.74
"300",2018,10,27,54,48.9,0.49
"301",2018,10,28,62.1,50,0.02
"302",2018,10,29,62.1,48,0
"303",2018,10,30,64.9,43,0
"304",2018,10,31,69.1,46.9,0
"305",2018,11,1,75.9,57,0
"306",2018,11,2,73,55.9,0.75
"307",2018,11,3,61,46.9,0.03
"308",2018,11,4,59,42.1,0
"309",2018,11,5,57.9,53.1,1.44
"310",2018,11,6,61,54,0.79
"311",2018,11,7,66,48,0
"312",2018,11,8,61,50,0
"313",2018,11,9,52,46,0.54
"314",2018,11,10,50,33.1,0
"315",2018,11,11,48,31.1,0
"316",2018,11,12,50,36,0.6
"317",2018,11,13,50,44.1,0.34
"318",2018,11,14,46,37.9,0
"319",2018,11,15,41,32,1.15
"320",2018,11,16,54,37,0.05
"321",2018,11,17,51.1,39.9,0
"322",2018,11,18,52,34,0
"323",2018,11,19,59,39.9,0
"324",2018,11,20,55.9,42.1,0
"325",2018,11,21,55,33.1,0
"326",2018,11,22,42.1,29.1,0
"327",2018,11,23,35.1,28.2,0
"328",2018,11,24,48,34,1.42
"329",2018,11,25,60.1,37.9,0
"330",2018,11,26,52,42.1,0.45
"331",2018,11,27,45,37,0
"332",2018,11,28,39.9,32,0
"333",2018,11,29,42.1,31.1,0
"334",2018,11,30,46.9,37.9,0.01
"335",2018,12,1,45,36,0.21
"336",2018,12,2,57.9,45,0.11
"337",2018,12,3,62.1,48,0
"338",2018,12,4,48,35.1,0
"339",2018,12,5,41,33.1,0
"340",2018,12,6,45,33.1,0
"341",2018,12,7,44.1,33.1,0
"342",2018,12,8,39.9,27.1,0
"343",2018,12,9,35.1,32,0
"344",2018,12,10,41,30.2,0
"345",2018,12,11,46.9,26.2,0
"346",2018,12,12,46.9,30.2,0
"347",2018,12,13,54,39,0
"348",2018,12,14,48.9,37,0.29
"349",2018,12,15,55,48,2.55
"350",2018,12,16,50,43,0.6
"351",2018,12,17,57.9,42.1,0
"352",2018,12,18,46.9,34,0
"353",2018,12,19,51.1,30.2,0
"354",2018,12,20,62.1,36,0.36
"355",2018,12,21,66.9,46.9,0.17
"356",2018,12,22,53.1,42.1,0
"357",2018,12,23,48.9,37,0.02
"358",2018,12,24,48,39.9,0
"359",2018,12,25,44.1,31.1,0
"360",2018,12,26,46.9,31.1,0
"361",2018,12,27,53.1,33.1,0.01
"362",2018,12,28,57,44.1,1.02
"363",2018,12,29,57.9,41,0
"364",2018,12,30,46.9,39,0
"365",2018,12,31,51.1,39,0.48
"366",2019,1,1,64,44.1,0
"367",2019,1,2,48,42.1,0
"368",2019,1,3,51.1,39.9,0
"369",2019,1,4,50,36,0.04
"370",2019,1,5,54,46,0.04
"371",2019,1,6,57,39,0
"372",2019,1,7,41,35.1,0
"373",2019,1,8,60.1,39,0.24
"374",2019,1,9,54,33.1,0
"375",2019,1,10,39,30.2,0
"376",2019,1,11,39,29.1,0
"377",2019,1,12,37,30.2,0.13
"378",2019,1,13,32,29.1,0.71
"379",2019,1,14,37,27.1,0
"380",2019,1,15,39,25.2,0
"381",2019,1,16,44.1,24.3,0
"382",2019,1,17,39.9,34,0.09
"383",2019,1,18,41,34,0.02
"384",2019,1,19,39.9,37,0.61
"385",2019,1,20,55.9,18.1,0.19
"386",2019,1,21,24.3,15.3,0
"387",2019,1,22,33.1,16.2,0
"388",2019,1,23,52,31.1,0
"389",2019,1,24,60.1,36,1.03
"390",2019,1,25,44.1,30.2,0
"391",2019,1,26,42.1,26.2,0
"392",2019,1,27,48.9,28.2,0
"393",2019,1,28,39.9,30.2,0
"394",2019,1,29,41,28.2,0.2
"395",2019,1,30,39,12.2,0
"396",2019,1,31,25.2,10.2,0
"397",2019,2,1,24.3,20.1,0.05
"398",2019,2,2,41,18.1,0
"399",2019,2,3,55.9,28.2,0
"400",2019,2,4,64,33.1,0
"401",2019,2,5,73.9,36,0
"402",2019,2,6,57.9,42.1,0.03
"403",2019,2,7,55.9,46,0
"404",2019,2,8,61,37,0
"405",2019,2,9,37,28.2,0
"406",2019,2,10,41,26.2,0.11
"407",2019,2,11,37.9,34,0.35
"408",2019,2,12,41,35.1,0.68
"409",2019,2,13,51.1,37,0
"410",2019,2,14,54,32,0
"411",2019,2,15,64.9,46.9,0
"412",2019,2,16,52,36,0
"413",2019,2,17,41,32,0.21
"414",2019,2,18,52,37,0.25
"415",2019,2,19,43,29.1,0
"416",2019,2,20,37,30.2,0.73
"417",2019,2,21,60.1,34,0
"418",2019,2,22,52,43,0.02
"419",2019,2,23,44.1,39,0.15
"420",2019,2,24,63,39,0.94
"421",2019,2,25,51.1,41,0
"422",2019,2,26,53.1,34,0
"423",2019,2,27,41,32,0
"424",2019,2,28,50,39,0
"425",2019,3,1,39,34,0.64
"426",2019,3,2,48.9,36,0.05
"427",2019,3,3,46.9,37,0.52
"428",2019,3,4,43,30.2,0.01
"429",2019,3,5,43,27.1,0
"430",2019,3,6,34,22.1,0
"431",2019,3,7,45,25.2,0
"432",2019,3,8,41,32,0.21
"433",2019,3,9,43,35.1,0.07
"434",2019,3,10,60.1,39.9,0.41
"435",2019,3,11,62.1,48,0
"436",2019,3,12,53.1,39,0
"437",2019,3,13,60.1,34,0
"438",2019,3,14,75,46,0
"439",2019,3,15,78.1,57,0
"440",2019,3,16,57,42.1,0
"441",2019,3,17,54,37,0
"442",2019,3,18,51.1,39.9,0
"443",2019,3,19,54,35.1,0
"444",2019,3,20,57,37.9,0
"445",2019,3,21,48.9,43,1.96
"446",2019,3,22,55,39,0.09
"447",2019,3,23,55,37,0
"448",2019,3,24,66,35.1,0
"449",2019,3,25,64.9,45,0
"450",2019,3,26,52,39,0
"451",2019,3,27,55,35.1,0
"452",2019,3,28,62.1,37,0
"453",2019,3,29,71.1,51.1,0
"454",2019,3,30,79,52,0
"455",2019,3,31,64,35.1,0.04
"456",2019,4,1,51.1,34,0
"457",2019,4,2,50,39,0.04
"458",2019,4,3,72,37.9,0
"459",2019,4,4,69.1,44.1,0
"460",2019,4,5,55.9,46.9,0.09
"461",2019,4,6,71.1,46.9,0
"462",2019,4,7,75,51.1,0
"463",2019,4,8,84,59,0.03
"464",2019,4,9,81,61,0.01
"465",2019,4,10,72,50,0
"466",2019,4,11,62.1,48.9,0
"467",2019,4,12,73,48.9,0.05
"468",2019,4,13,77,63,0.37
"469",2019,4,14,77,63,0
"470",2019,4,15,75,46.9,0.72
"471",2019,4,16,69.1,44.1,0
"472",2019,4,17,71.1,55.9,0
"473",2019,4,18,80.1,55,0
"474",2019,4,19,75.9,66,0.31
"475",2019,4,20,73.9,61,0
"476",2019,4,21,72,52,0
"477",2019,4,22,73.9,55,0
"478",2019,4,23,82,54,0
"479",2019,4,24,77,64,0
"480",2019,4,25,77,62.1,0
"481",2019,4,26,77,57.9,0.59
"482",2019,4,27,72,54,0.03
"483",2019,4,28,73.9,51.1,0
"484",2019,4,29,62.1,46.9,0
"485",2019,4,30,82.9,55.9,0
"486",2019,5,1,70,59,0
"487",2019,5,2,87.1,60.1,0.48
"488",2019,5,3,79,64.9,0
"489",2019,5,4,75.9,64.9,0.55
"490",2019,5,5,68,60.1,0.65
"491",2019,5,6,78.1,59,0
"492",2019,5,7,81,61,0
"493",2019,5,8,73.9,63,0
"494",2019,5,9,78.1,62.1,0
"495",2019,5,10,82,66.9,0.52
"496",2019,5,11,73.9,57.9,0.41
"497",2019,5,12,61,51.1,0.49
"498",2019,5,13,60.1,50,0.59
"499",2019,5,14,64,51.1,0
"500",2019,5,15,75.9,50,0
"501",2019,5,16,80.1,55.9,0.01
"502",2019,5,17,82,59,0
"503",2019,5,18,84,64,0
"504",2019,5,19,87.1,64.9,0.24
"505",2019,5,20,90,73,0
"506",2019,5,21,73,62.1,0
"507",2019,5,22,72,57,0
"508",2019,5,23,84.9,61,0.31
"509",2019,5,24,84,70,0
"510",2019,5,25,82,66.9,0
"511",2019,5,26,91.9,69.1,0.24
"512",2019,5,27,84.9,70,0
"513",2019,5,28,91,70,0.19
"514",2019,5,29,93,73.9,0
"515",2019,5,30,90,72,0.29
"516",2019,5,31,84.9,66.9,0
"517",2019,6,1,87.1,69.1,0
"518",2019,6,2,84.9,66.9,0.01
"519",2019,6,3,75.9,57.9,0
"520",2019,6,4,78.1,54,0
"521",2019,6,5,82.9,64.9,0.01
"522",2019,6,6,90,71.1,0
"523",2019,6,7,81,71.1,0
"524",2019,6,8,82.9,68,0
"525",2019,6,9,73.9,64.9,0.13
"526",2019,6,10,77,64,0.37
"527",2019,6,11,81,64,0.14
"528",2019,6,12,78.1,64,0.08
"529",2019,6,13,79,61,1.05
"530",2019,6,14,79,57,0
"531",2019,6,15,84,61,0
"532",2019,6,16,87.1,68,0
"533",2019,6,17,91,73.9,0.99
"534",2019,6,18,88,72,1.16
"535",2019,6,19,87.1,72,0
"536",2019,6,20,91.9,73,0.08
"537",2019,6,21,84.9,71.1,0
"538",2019,6,22,82.9,66,0
"539",2019,6,23,84,63,0
"540",2019,6,24,88,70,0.02
"541",2019,6,25,90,73.9,0.19
"542",2019,6,26,91,72,0
"543",2019,6,27,91.9,73.9,0
"544",2019,6,28,95,72,0
"545",2019,6,29,96.1,72,0.04
"546",2019,6,30,91.9,73,0
"547",2019,7,1,88,69.1,0
"548",2019,7,2,93.9,70,0.42
"549",2019,7,3,93,73,0
"550",2019,7,4,91,75.9,0.23
"551",2019,7,5,90,77,0.01
"552",2019,7,6,91.9,73.9,0.72
"553",2019,7,7,89.1,75,0
"554",2019,7,8,80.1,71.1,3.44
"555",2019,7,9,86,66.9,0
"556",2019,7,10,87.1,71.1,0
"557",2019,7,11,91,72,0.88
"558",2019,7,12,90,72,0
"559",2019,7,13,91,73,0
"560",2019,7,14,93.9,75,0
"561",2019,7,15,90,72,0
"562",2019,7,16,93,75,0
"563",2019,7,17,95,73.9,0.29
"564",2019,7,18,93,78.1,0
"565",2019,7,19,96.1,79,0
"566",2019,7,20,97,81,0
"567",2019,7,21,99,80.1,0
"568",2019,7,22,96.1,75.9,0.03
"569",2019,7,23,77,70,0.08
"570",2019,7,24,87.1,69.1,0.37
"571",2019,7,25,88,64.9,0.01
"572",2019,7,26,90,69.1,0
"573",2019,7,27,89.1,71.1,0
"574",2019,7,28,91.9,73,0
"575",2019,7,29,93.9,75,0
"576",2019,7,30,95,75.9,0
"577",2019,7,31,90,73.9,0.01
"578",2019,8,1,91,71.1,0
"579",2019,8,2,87.1,72,0
"580",2019,8,3,91,73.9,0
"581",2019,8,4,91.9,75.9,0
"582",2019,8,5,89.1,73,0
"583",2019,8,6,91.9,72,0
"584",2019,8,7,93.9,72,0.9
"585",2019,8,8,91.9,72,0
"586",2019,8,9,93,75,0
"587",2019,8,10,84.9,66,0
"588",2019,8,11,86,68,0
"589",2019,8,12,91.9,70,0
"590",2019,8,13,84.9,77,0.12
"591",2019,8,14,90,75.9,0
"592",2019,8,15,88,75.9,0.2
"593",2019,8,16,89.1,73.9,0
"594",2019,8,17,91.9,75.9,0
"595",2019,8,18,96.1,75.9,0
"596",2019,8,19,98.1,78.1,0
"597",2019,8,20,96.1,73.9,0.36
"598",2019,8,21,93,72,0.01
"599",2019,8,22,95,75.9,0
"600",2019,8,23,79,68,0.38
"601",2019,8,24,81,64,0
"602",2019,8,25,80.1,64.9,0
"603",2019,8,26,75.9,64,0
"604",2019,8,27,80.1,66,0
"605",2019,8,28,84,68,0.02
"606",2019,8,29,86,66.9,0
"607",2019,8,30,89.1,64.9,0
"608",2019,8,31,91,70,0
"609",2019,9,1,82.9,71.1,0
"610",2019,9,2,89.1,72,0.05
"611",2019,9,3,89.1,71.1,0
"612",2019,9,4,96.1,72,0.02
"613",2019,9,5,81,72,0
"614",2019,9,6,77,66,0
"615",2019,9,7,86,63,0
"616",2019,9,8,84,64,0
"617",2019,9,9,84.9,70,0
"618",2019,9,10,89.1,69.1,0
"619",2019,9,11,93,71.1,0.01
"620",2019,9,12,98.1,73.9,0.03
"621",2019,9,13,75.9,68,0
"622",2019,9,14,81,66.9,0
"623",2019,9,15,90,72,0
"624",2019,9,16,91.9,68,0
"625",2019,9,17,82,68,0
"626",2019,9,18,80.1,63,0
"627",2019,9,19,75.9,59,0
"628",2019,9,20,79,55,0
"629",2019,9,21,88,61,0
"630",2019,9,22,93,70,0
"631",2019,9,23,93.9,72,0
"632",2019,9,24,82.9,64.9,0
"633",2019,9,25,84,61,0
"634",2019,9,26,91.9,64.9,0
"635",2019,9,27,84,64,0
"636",2019,9,28,84,66.9,0
"637",2019,9,29,91,72,0
"638",2019,9,30,73,68,0.14
"639",2019,10,1,87.1,69.1,0
"640",2019,10,2,98.1,73,0
"641",2019,10,3,82,73,0
"642",2019,10,4,80.1,54,0
"643",2019,10,5,66.9,48.9,0
"644",2019,10,6,73,62.1,0
"645",2019,10,7,84,63,0.02
"646",2019,10,8,68,61,0
"647",2019,10,9,73,55.9,0
"648",2019,10,10,79,55.9,0
"649",2019,10,11,77,55,0
"650",2019,10,12,75,55,0
"651",2019,10,13,66.9,55.9,0.12
"652",2019,10,14,77,52,0
"653",2019,10,15,73,50,0
"654",2019,10,16,64.9,51.1,1.35
"655",2019,10,17,61,50,0
"656",2019,10,18,66,48,0
"657",2019,10,19,66,44.1,0
"658",2019,10,20,57.9,55,1.6
"659",2019,10,21,70,55,0
"660",2019,10,22,64,55,0.58
"661",2019,10,23,66.9,48.9,0
"662",2019,10,24,68,45,0
"663",2019,10,25,70,50,0
"664",2019,10,26,66.9,57.9,0
"665",2019,10,27,80.1,61,1.48
"666",2019,10,28,69.1,55.9,0
"667",2019,10,29,68,59,0
"668",2019,10,30,66.9,60.1,0.26
"669",2019,10,31,77,53.1,1.25
"670",2019,11,1,54,42.1,0
"671",2019,11,2,55.9,37,0
"672",2019,11,3,57,41,0
"673",2019,11,4,61,39,0
"674",2019,11,5,64,44.1,0
"675",2019,11,6,60.1,44.1,0
"676",2019,11,7,61,46,0.06
"677",2019,11,8,46.9,35.1,0
"678",2019,11,9,45,30.2,0
"679",2019,11,10,55.9,36,0
"680",2019,11,11,69.1,39.9,0
"681",2019,11,12,60.1,30.2,0.07
"682",2019,11,13,39,26.2,0
"683",2019,11,14,42.1,28.2,0
"684",2019,11,15,55,33.1,0
"685",2019,11,16,46.9,37,0
"686",2019,11,17,46,37,0
"687",2019,11,18,48.9,39.9,0.29
"688",2019,11,19,55.9,43,0.02
"689",2019,11,20,55,46,0
"690",2019,11,21,55,39.9,0
"691",2019,11,22,55.9,39.9,0.22
"692",2019,11,23,44.1,35.1,0.42
"693",2019,11,24,54,39.9,0.28
"694",2019,11,25,57,35.1,0
"695",2019,11,26,62.1,37.9,0
"696",2019,11,27,57.9,44.1,0.01
"697",2019,11,28,54,43,0
"698",2019,11,29,52,37,0
"699",2019,11,30,46,41,0
"700",2019,12,1,46,39.9,0.5
"701",2019,12,2,44.1,39.9,0.01
"702",2019,12,3,50,39,0
"703",2019,12,4,50,36,0.01
"704",2019,12,5,48.9,37.9,0
"705",2019,12,6,53.1,36,0
"706",2019,12,7,46.9,34,0
"707",2019,12,8,48,31.1,0
"708",2019,12,9,52,44.1,0.75
"709",2019,12,10,60.1,39,0.13
"710",2019,12,11,42.1,33.1,0.09
"711",2019,12,12,41,29.1,0
"712",2019,12,13,43,33.1,0.27
"713",2019,12,14,52,41,0.12
"714",2019,12,15,57,37.9,0
"715",2019,12,16,39.9,34,0.41
"716",2019,12,17,42.1,37,0.13
"717",2019,12,18,44.1,27.1,0
"718",2019,12,19,35.1,22.1,0
"719",2019,12,20,43,24.3,0
"720",2019,12,21,39,28.2,0
"721",2019,12,22,46.9,27.1,0
"722",2019,12,23,53.1,30.2,0
"723",2019,12,24,54,33.1,0
"724",2019,12,25,48.9,30.2,0
"725",2019,12,26,55,31.1,0
"726",2019,12,27,55.9,37.9,0
"727",2019,12,28,66.9,37.9,0
"728",2019,12,29,53.1,44.1,0.6
"729",2019,12,30,66,45,0.26
"730",2019,12,31,54,43,0
"731",2020,1,1,51.1,35.1,0
"732",2020,1,2,54,32,0
"733",2020,1,3,53.1,46,0.25
"734",2020,1,4,59,46,0.31
"735",2020,1,5,46,36,0
"736",2020,1,6,55.9,35.1,0
"737",2020,1,7,46.9,32,0.32
"738",2020,1,8,46.9,30.2,0
"739",2020,1,9,41,29.1,0
"740",2020,1,10,55,35.1,0
"741",2020,1,11,72,46,0
"742",2020,1,12,70,48.9,0.38
"743",2020,1,13,53.1,44.1,0
"744",2020,1,14,50,44.1,0.04
"745",2020,1,15,57.9,45,0
"746",2020,1,16,57,36,0
"747",2020,1,17,39.9,29.1,0
"748",2020,1,18,42.1,27.1,0.25
"749",2020,1,19,46,28.2,0
"750",2020,1,20,36,24.3,0
"751",2020,1,21,37.9,23.2,0
"752",2020,1,22,39.9,24.3,0
"753",2020,1,23,44.1,27.1,0
"754",2020,1,24,51.1,34,0
"755",2020,1,25,52,41,1.23
"756",2020,1,26,50,36,0
"757",2020,1,27,50,35.1,0
"758",2020,1,28,48.9,39.9,0
"759",2020,1,29,46.9,32,0
"760",2020,1,30,44.1,31.1,0
"761",2020,1,31,46.9,33.1,0.01
"762",2020,2,1,51.1,31.1,0.06
"763",2020,2,2,55,35.1,0.01
"764",2020,2,3,63,42.1,0
"765",2020,2,4,64.9,48.9,0.02
"766",2020,2,5,57,39,0.13
"767",2020,2,6,46.9,39,0.79
"768",2020,2,7,59,36,0.42
"769",2020,2,8,46,31.1,0
"770",2020,2,9,50,31.1,0
"771",2020,2,10,48.9,43,0.43
"772",2020,2,11,57.9,48,0.5
"773",2020,2,12,50,41,0.09
"774",2020,2,13,57,41,0.3
"775",2020,2,14,44.1,26.2,0
"776",2020,2,15,36,22.1,0
"777",2020,2,16,52,32,0
"778",2020,2,17,55.9,37.9,0
"779",2020,2,18,59,41,0
"780",2020,2,19,55.9,39.9,0.01
"781",2020,2,20,42.1,33.1,0
"782",2020,2,21,39,24.3,0
"783",2020,2,22,55,26.2,0
"784",2020,2,23,59,30.2,0
"785",2020,2,24,60.1,36,0
"786",2020,2,25,55,46,0.23
"787",2020,2,26,54,44.1,0.17
"788",2020,2,27,45,32,0.05
"789",2020,2,28,48,30.2,0
"790",2020,2,29,39,31.1,0
"791",2020,3,1,52,26.2,0
"792",2020,3,2,66.9,37.9,0.09
"793",2020,3,3,64.9,45,0.07
"794",2020,3,4,64.9,46,0
"795",2020,3,5,54,41,0
"796",2020,3,6,53.1,37,0
"797",2020,3,7,53.1,39,0
"798",2020,3,8,62.1,36,0
"799",2020,3,9,73.9,43,0
"800",2020,3,10,72,54,0.01
"801",2020,3,11,57,45,0
"802",2020,3,12,64,46,0
"803",2020,3,13,77,51.1,0.22
"804",2020,3,14,57.9,42.1,0.12
"805",2020,3,15,51.1,41,0.04
"806",2020,3,16,55,37.9,0
"807",2020,3,17,64,44.1,0.01
"808",2020,3,18,57.9,44.1,0.08
"809",2020,3,19,75,48.9,0.33
"810",2020,3,20,82.9,57,0.02
"811",2020,3,21,69.1,46.9,0.08
"812",2020,3,22,53.1,39.9,0
"813",2020,3,23,46.9,41,0.36
"814",2020,3,24,55,44.1,0
"815",2020,3,25,50,44.1,0.29
"816",2020,3,26,59,45,0
"817",2020,3,27,70,51.1,0.01
"818",2020,3,28,59,51.1,0.46
"819",2020,3,29,71.1,51.1,0
"820",2020,3,30,75.9,53.1,0
"821",2020,3,31,55.9,43,0.12
"822",2020,4,1,57,42.1,0
"823",2020,4,2,63,42.1,0
"824",2020,4,3,68,46.9,0
"825",2020,4,4,60.1,50,0
"826",2020,4,5,68,46.9,0
"827",2020,4,6,71.1,54,0
"828",2020,4,7,73.9,54,0.37
"829",2020,4,8,78.1,55.9,0.03
"830",2020,4,9,75,48,0.14
"831",2020,4,10,53.1,42.1,0
"832",2020,4,11,64,39,0
"833",2020,4,12,73.9,46,0.21
"834",2020,4,13,81,53.1,2.33
"835",2020,4,14,60.1,39.9,0.14
"836",2020,4,15,54,37.9,0.16
"837",2020,4,16,55,42.1,0
"838",2020,4,17,57.9,37.9,0
"839",2020,4,18,55.9,43,0.06
"840",2020,4,19,66,37,0
"841",2020,4,20,64,52,0
"842",2020,4,21,68,44.1,0.02
"843",2020,4,22,62.1,37.9,0
"844",2020,4,23,59,48.9,0.74
"845",2020,4,24,61,52,0.61
"846",2020,4,25,64.9,48,0.05
"847",2020,4,26,57,50,0.23
"848",2020,4,27,60.1,45,0.09
"849",2020,4,28,57.9,45,0.02
"850",2020,4,29,75,46.9,0
"851",2020,4,30,66.9,57,1.1
"852",2020,5,1,66.9,52,0.09
"853",2020,5,2,72,52,0
"854",2020,5,3,79,60.1,0.93
"855",2020,5,4,75,55.9,0.09
"856",2020,5,5,57.9,48.9,0.19
"857",2020,5,6,57.9,46.9,0.07
"858",2020,5,7,69.1,44.1,0
"859",2020,5,8,69.1,41,0.12
"860",2020,5,9,52,37,0
"861",2020,5,10,64.9,37.9,0
"862",2020,5,11,63,48,0.02
"863",2020,5,12,64,43,0
"864",2020,5,13,71.1,45,0
"865",2020,5,14,71.1,51.1,0.02
"866",2020,5,15,86,62.1,0
"867",2020,5,16,82.9,64,0
"868",2020,5,17,69.1,61,0
"869",2020,5,18,68,57,0
"870",2020,5,19,69.1,55.9,0
"871",2020,5,20,64,52,0
"872",2020,5,21,73,50,0
"873",2020,5,22,79,60.1,0.58
"874",2020,5,23,82.9,64,0.29
"875",2020,5,24,70,60.1,0
"876",2020,5,25,78.1,62.1,0
"877",2020,5,26,80.1,62.1,0
"878",2020,5,27,80.1,66,0
"879",2020,5,28,80.1,72,0.08
"880",2020,5,29,87.1,70,0.01
"881",2020,5,30,84,69.1,0
"882",2020,5,31,75.9,61,0
"883",2020,6,1,75,54,0
"884",2020,6,2,77,57.9,0
"885",2020,6,3,93,68,0
"886",2020,6,4,91.9,72,0.52
"887",2020,6,5,88,70,1.26
"888",2020,6,6,91,71.1,0
"889",2020,6,7,82,66.9,0
"890",2020,6,8,82.9,64,0
"891",2020,6,9,89.1,66.9,0
"892",2020,6,10,89.1,75.9,0.15
"893",2020,6,11,87.1,73.9,0.23
"894",2020,6,12,88,68,0
"895",2020,6,13,80.1,64.9,0
"896",2020,6,14,78.1,63,0
"897",2020,6,15,78.1,63,0
"898",2020,6,16,78.1,64.9,0
"899",2020,6,17,73,64.9,0.85
"900",2020,6,18,81,68,0
"901",2020,6,19,84,69.1,0.01
"902",2020,6,20,79,69.1,0.47
"903",2020,6,21,86,70,0
"904",2020,6,22,90,71.1,0
"905",2020,6,23,89.1,71.1,0
"906",2020,6,24,86,73.9,0
"907",2020,6,25,86,71.1,0
"908",2020,6,26,90,66,0
"909",2020,6,27,93,75,0.02
"910",2020,6,28,91,75.9,0
"911",2020,6,29,91.9,75,0
"912",2020,6,30,91.9,73,0
"913",2020,7,1,90,73,0.12
"914",2020,7,2,91.9,72,0
"915",2020,7,3,97,75.9,0
"916",2020,7,4,93.9,78.1,0
"917",2020,7,5,93,75.9,0
"918",2020,7,6,96.1,72,0.43
"919",2020,7,7,90,71.1,2.04
"920",2020,7,8,91.9,75.9,0
"921",2020,7,9,91,75,0
"922",2020,7,10,91,75.9,0
"923",2020,7,11,93,75.9,0
"924",2020,7,12,90,73,0.01
"925",2020,7,13,91,71.1,0.14
"926",2020,7,14,90,73,0
"927",2020,7,15,91,72,0
"928",2020,7,16,87.1,75.9,0
"929",2020,7,17,96.1,75.9,0
"930",2020,7,18,98.1,79,0
"931",2020,7,19,99,79,0
"932",2020,7,20,99,78.1,0.15
"933",2020,7,21,97,75.9,0.52
"934",2020,7,22,93.9,73.9,0.56
"935",2020,7,23,91.9,72,1.89
"936",2020,7,24,86,73,0.43
"937",2020,7,25,93,73.9,0
"938",2020,7,26,95,78.1,0
"939",2020,7,27,96.1,79,0
"940",2020,7,28,93.9,79,0
"941",2020,7,29,93,75,0
"942",2020,7,30,93.9,73.9,0.15
"943",2020,7,31,81,73.9,0.07
"944",2020,8,1,88,75,0
"945",2020,8,2,91.9,79,0.07
"946",2020,8,3,87.1,73.9,0.46
"947",2020,8,4,89.1,70,2.48
"948",2020,8,5,88,71.1,0
"949",2020,8,6,86,72,0.62
"950",2020,8,7,88,73.9,0.3
"951",2020,8,8,87.1,73,0
"952",2020,8,9,88,73.9,0
"953",2020,8,10,91.9,75,0
"954",2020,8,11,91,75.9,0
"955",2020,8,12,91.9,75,0.26
"956",2020,8,13,84,73.9,0.59
"957",2020,8,14,88,75.9,0.06
"958",2020,8,15,80.1,70,0.21
"959",2020,8,16,77,66,1.03
"960",2020,8,17,82.9,66,0.14
"961",2020,8,18,88,68,0
"962",2020,8,19,84.9,69.1,0.09
"963",2020,8,20,84,68,0
"964",2020,8,21,84,69.1,0
"965",2020,8,22,84,73.9,0
"966",2020,8,23,89.1,75.9,0
"967",2020,8,24,89.1,75.9,0.05
"968",2020,8,25,91.9,73.9,0.01
"969",2020,8,26,88,71.1,0
"970",2020,8,27,93,73.9,0
"971",2020,8,28,93,72,1.46
"972",2020,8,29,88,73,0.5
"973",2020,8,30,82.9,66,0
"974",2020,8,31,77,69.1,0.4
"975",2020,9,1,82,68,0.11
"976",2020,9,2,88,73.9,0.01
"977",2020,9,3,91,75,0.38
"978",2020,9,4,91,72,0
"979",2020,9,5,82,63,0
"980",2020,9,6,82.9,62.1,0
"981",2020,9,7,82.9,64.9,0
"982",2020,9,8,87.1,66,0
"983",2020,9,9,79,73,0.64
"984",2020,9,10,81,75.9,2.88
"985",2020,9,11,81,72,0
"986",2020,9,12,75,66,0
"987",2020,9,13,81,62.1,0
"988",2020,9,14,79,64.9,0
"989",2020,9,15,71.1,55,0
"990",2020,9,16,73,55,0
"991",2020,9,17,73,66,0.39
"992",2020,9,18,75.9,59,0.07
"993",2020,9,19,66.9,48.9,0
"994",2020,9,20,69.1,46,0
"995",2020,9,21,68,48,0
"996",2020,9,22,73,48,0
"997",2020,9,23,81,55,0
"998",2020,9,24,73.9,61,0
"999",2020,9,25,69.1,62.1,0.4
"1000",2020,9,26,72,62.1,0.29
"1001",2020,9,27,78.1,68,0.05
"1002",2020,9,28,81,66.9,0.01
"1003",2020,9,29,80.1,57,0.2
"1004",2020,9,30,71.1,55,0.1
"1005",2020,10,1,75.9,57,0.04
"1006",2020,10,2,69.1,54,0.07
"1007",2020,10,3,68,48.9,0
"1008",2020,10,4,70,48,0
"1009",2020,10,5,70,54,0.02
"1010",2020,10,6,72,48.9,0
"1011",2020,10,7,81,55.9,0
"1012",2020,10,8,71.1,55,0
"1013",2020,10,9,71.1,50,0
"1014",2020,10,10,73.9,60.1,0
"1015",2020,10,11,71.1,64.9,0.68
"1016",2020,10,12,66,57.9,0.86
"1017",2020,10,13,73,54,0
"1018",2020,10,14,75,48.9,0
"1019",2020,10,15,75.9,55.9,0
"1020",2020,10,16,66.9,53.1,0.16
"1021",2020,10,17,64,45,0
"1022",2020,10,18,66,45,0
"1023",2020,10,19,72,57,0
"1024",2020,10,20,75.9,59,0
"1025",2020,10,21,75.9,62.1,0.01
"1026",2020,10,22,80.1,60.1,0
"1027",2020,10,23,77,63,0
"1028",2020,10,24,78.1,57,0
"1029",2020,10,25,57,46.9,0.45
"1030",2020,10,26,62.1,48,0
"1031",2020,10,27,66,57.9,0
"1032",2020,10,28,71.1,62.1,0
"1033",2020,10,29,64,52,2.26
"1034",2020,10,30,55,48,0.31
"1035",2020,10,31,51.1,41,0
"1036",2020,11,1,59,42.1,0.52
"1037",2020,11,2,50,39,0
"1038",2020,11,3,66,39,0
"1039",2020,11,4,66.9,42.1,0
"1040",2020,11,5,69.1,46.9,0
"1041",2020,11,6,70,48.9,0
"1042",2020,11,7,73.9,46.9,0
"1043",2020,11,8,73.9,48.9,0
"1044",2020,11,9,75,52,0
"1045",2020,11,10,75.9,54,0
"1046",2020,11,11,70,61,2.02
"1047",2020,11,12,68,51.1,0.89
"1048",2020,11,13,62.1,48.9,0
"1049",2020,11,14,61,42.1,0
"1050",2020,11,15,71.1,48,0.26
"1051",2020,11,16,62.1,48.9,0
"1052",2020,11,17,57,37.9,0
"1053",2020,11,18,45,35.1,0
"1054",2020,11,19,53.1,32,0
"1055",2020,11,20,64,42.1,0
"1056",2020,11,21,64,45,0
"1057",2020,11,22,59,51.1,0
"1058",2020,11,23,59,45,0.02
"1059",2020,11,24,52,37.9,0
"1060",2020,11,25,57,44.1,0.01
"1061",2020,11,26,66.9,51.1,0.03
"1062",2020,11,27,61,51.1,0
"1063",2020,11,28,61,46,0
"1064",2020,11,29,57.9,37,0
"1065",2020,11,30,64.9,48,2.39
"1066",2020,12,1,48.9,39.9,0.02
"1067",2020,12,2,50,36,0
"1068",2020,12,3,54,31.1,0
"1069",2020,12,4,53.1,46.9,0.42
"1070",2020,12,5,48.9,43,0.82
"1071",2020,12,6,48,34,0
"1072",2020,12,7,42.1,32,0
"1073",2020,12,8,46.9,33.1,0
"1074",2020,12,9,45,30.2,0
"1075",2020,12,10,51.1,32,0
"1076",2020,12,11,61,35.1,0
"1077",2020,12,12,63,39.9,0
"1078",2020,12,13,66,44.1,0
"1079",2020,12,14,46,37,1.06
"1080",2020,12,15,43,32,0
"1081",2020,12,16,37,32,1.11
"1082",2020,12,17,41,28.2,0.01
"1083",2020,12,18,39,29.1,0
"1084",2020,12,19,37,28.2,0
"1085",2020,12,20,44.1,35.1,0
"1086",2020,12,21,46,39.9,0.03
"1087",2020,12,22,51.1,39,0.01
"1088",2020,12,23,48,32,0
"1089",2020,12,24,62.1,42.1,1.3
"1090",2020,12,25,57,24.1,0.18
"1091",2020,12,26,37,23,0
"1092",2020,12,27,43,26.1,0
"1093",2020,12,28,52,35.1,0
"1094",2020,12,29,43,32,0
"1095",2020,12,30,46,30.9,0
"1096",2020,12,31,55,41,0
